AircraftType,Unnamed: 0,ParentAirline,Current,Historic,Total,TotalCost(Current),AverageAge,Region
Airbus A319,0,Aegean Airlines,1.0,3.0,4.0,$90,11.6,Europe
Airbus A319,1,Aegean Airlines,,8.0,8.0,$0,,Europe
Airbus A319,11,Aeroflot,26.0,5.0,31.0,"$2,330",12.7,Europe
Airbus A319,12,Aeroflot,,15.0,15.0,$0,,Europe
Airbus A319,13,Aeroflot,10.0,,10.0,$896,11.0,Europe
Airbus A319,77,Air Astana,1.0,,1.0,$90,8.4,Asia
Airbus A319,86,Air Berlin,6.0,15.0,21.0,$538,8.5,Europe
Airbus A319,98,Air Canada,15.0,33.0,48.0,"$1,344",18.9,NorthAmerica
Airbus A319,99,Air Canada,3.0,2.0,5.0,$269,18.7,NorthAmerica
Airbus A319,100,Air Canada,20.0,,20.0,"$1,792",18.6,NorthAmerica
Airbus A319,123,Air China,33.0,3.0,36.0,"$2,957",10.5,Asia
Airbus A319,124,Air China,5.0,,5.0,$448,10.5,Asia
Airbus A319,125,Air China,4.0,1.0,5.0,$358,14.1,Asia
Airbus A319,175,Air France/KLM,38.0,11.0,49.0,"$3,405",16.2,Europe
Airbus A319,233,Air India,22.0,2.0,24.0,"$1,971",8.5,Asia
Airbus A319,249,Air Malta,3.0,,3.0,,,Europe
Airbus A319,252,Air Mauritius,2.0,,2.0,,14.6,Africa
Airbus A319,258,Air Namibia,4.0,1.0,5.0,,6.5,Africa
Airbus A319,323,Alitalia,22.0,,22.0,"$1,971",9.7,Europe
Airbus A319,353,Allegiant Air,17.0,,23.0,"$1,523",11.5,NorthAmerica
Airbus A319,359,American Airlines,125.0,,125.0,"$11,200",12.8,NorthAmerica
Airbus A319,412,Avianca,30.0,6.0,22.0,"$2,688",3.9,SouthAmerica
Airbus A319,413,Avianca,4.0,,4.0,$358,6.1,SouthAmerica
Airbus A319,414,Avianca,6.0,1.0,7.0,$538,12.8,SouthAmerica
Airbus A319,415,Avianca,5.0,,1.0,$448,9.2,SouthAmerica
Airbus A319,416,Avianca,8.0,3.0,11.0,$717,8.6,SouthAmerica
Airbus A319,464,Cebu Pacific Air,5.0,5.0,10.0,$448,10.5,Asia
Airbus A319,492,China Eastern Airlines,36.0,9.0,45.0,"$3,226",4.1,Asia
Airbus A319,493,China Eastern Airlines,,3.0,3.0,$0,,Asia
Airbus A319,525,China Southern Airlines,34.0,7.0,41.0,"$3,046",10.6,Asia
Airbus A319,547,Delta Airlines,57.0,,57.0,"$5,107",14.8,NorthAmerica
Airbus A319,570,easyJet,133.0,39.0,172.0,"$11,917",9.6,Europe
Airbus A319,571,easyJet,11.0,22.0,33.0,$986,5.5,Europe
Airbus A319,609,Emirates,1.0,,1.0,$90,5.3,MiddleEast
Airbus A319,628,Etihad Airways,2.0,2.0,4.0,$179,13.7,MiddleEast
Airbus A319,672,Finnair,9.0,2.0,11.0,$806,15.5,Europe
Airbus A319,704,Frontier Airlines,23.0,30.0,53.0,"$2,061",11.9,NorthAmerica
Airbus A319,739,Gulf Air,,2.0,2.0,$0,,MiddleEast
Airbus A319,753,Hainan Airlines,3.0,,3.0,$269,11.0,Asia
Airbus A319,754,Hainan Airlines,19.0,10.0,29.0,"$1,702",8.6,Asia
Airbus A319,755,Hainan Airlines,,6.0,6.0,$0,,Asia
Airbus A319,786,IAG,44.0,,44.0,"$3,942",15.0,Europe
Airbus A319,787,IAG,16.0,11.0,27.0,"$1,434",11.4,Europe
Airbus A319,788,IAG,5.0,5.0,10.0,$448,9.6,Europe
Airbus A319,789,IAG,,4.0,4.0,$0,,Europe
Airbus A319,905,Juneyao Airlines,,2.0,2.0,$0,,Asia
Airbus A319,941,LATAM Airlines Chile,23.0,2.0,25.0,"$2,061",9.1,SouthAmerica
Airbus A319,942,LATAM Airlines Chile,17.0,,17.0,"$1,523",9.7,SouthAmerica
Airbus A319,943,LATAM Airlines Chile,6.0,,6.0,$538,7.0,SouthAmerica
Airbus A319,944,LATAM Airlines Chile,8.0,,2.0,$717,11.2,SouthAmerica
Airbus A319,993,Lufthansa,30.0,5.0,35.0,"$2,688",14.9,Europe
Airbus A319,994,Lufthansa,7.0,,7.0,$627,12.0,Europe
Airbus A319,995,Lufthansa,21.0,1.0,23.0,"$1,882",12.6,Europe
Airbus A319,996,Lufthansa,43.0,7.0,50.0,"$3,853",10.8,Europe
Airbus A319,997,Lufthansa,5.0,3.0,8.0,$448,20.0,Europe
Airbus A319,998,Lufthansa,21.0,1.0,23.0,"$1,882",12.6,Europe
Airbus A319,999,Lufthansa,,5.0,5.0,$0,,Europe
Airbus A319,1105,Meridiana,,4.0,4.0,,,Europe
Airbus A319,1166,Philippine Airlines,,4.0,4.0,$0,,Asia
Airbus A319,1216,Qatar Airways,2.0,,,$179,,MiddleEast
Airbus A319,1217,Qatar Airways,2.0,1.0,3.0,$179,13.4,MiddleEast
Airbus A319,1253,Royal Jordanian,4.0,,4.0,$358,8.1,MiddleEast
Airbus A319,1269,S7 Airlines,19.0,1.0,20.0,"$1,702",14.6,Europe
Airbus A319,1277,SAS Group,4.0,,4.0,$358,9.8,Europe
Airbus A319,1306,Saudi Arabian Airlines,5.0,,5.0,$448,12.2,MiddleEast
Airbus A319,1326,Singapore Airlines,3.0,5.0,8.0,$269,8.3,Asia
Airbus A319,1353,South African Airways,8.0,3.0,11.0,$717,11.9,Africa
Airbus A319,1363,SpiceJet,,1.0,1.0,$0,,Asia
Airbus A319,1367,Spirit Airlines,29.0,4.0,33.0,"$2,598",10.5,NorthAmerica
Airbus A319,1379,TAP Portugal,21.0,,21.0,"$1,882",17.5,Europe
Airbus A319,1413,Thomas Cook Airlines,,1.0,1.0,$0,,Europe
Airbus A319,1423,Thomas Cook Airlines,,1.0,1.0,$0,,Europe
Airbus A319,1470,Tunisair,4.0,,4.0,$358,15.5,Africa
Airbus A319,1483,Turkish Airlines,14.0,,14.0,"$1,254",8.7,Europe
Airbus A319,1499,United Airlines,59.0,,80.0,"$5,286",16.5,NorthAmerica
Airbus A319,1551,Virgin America,10.0,,10.0,$896,9.2,NorthAmerica
Airbus A319,1574,Volaris,15.0,9.0,24.0,"$1,344",9.7,NorthAmerica
Airbus A320,2,Aegean Airlines,38.0,3.0,41.0,"$3,724",7.5,Europe
Airbus A320,3,Aegean Airlines,,9.0,9.0,$0,,Europe
Airbus A320,14,Aeroflot,71.0,3.0,75.0,"$6,958",5.7,Europe
Airbus A320,15,Aeroflot,5.0,8.0,13.0,$490,15.2,Europe
Airbus A320,49,Aerolineas Argentinas,,2.0,2.0,$0,,SouthAmerica
Airbus A320,62,Air Algerie,,4.0,4.0,$0,,Africa
Airbus A320,73,Air Arabia,38.0,28.0,66.0,"$3,724",2.9,MiddleEast
Airbus A320,74,Air Arabia,1.0,2.0,3.0,$98,9.6,MiddleEast
Airbus A320,75,Air Arabia,2.0,1.0,3.0,$196,10.0,MiddleEast
Airbus A320,76,Air Arabia,5.0,5.0,10.0,$490,4.4,MiddleEast
Airbus A320,78,Air Astana,9.0,6.0,15.0,$882,3.6,Asia
Airbus A320,87,Air Berlin,54.0,50.0,111.0,"$5,292",7.6,Europe
Airbus A320,101,Air Canada,42.0,13.0,55.0,"$4,116",23.3,NorthAmerica
Airbus A320,102,Air Canada,,5.0,5.0,$0,,NorthAmerica
Airbus A320,126,Air China,43.0,5.0,50.0,"$4,214",4.6,Asia
Airbus A320,127,Air China,79.0,1.0,81.0,"$7,742",5.3,Asia
Airbus A320,128,Air China,3.0,4.0,7.0,$294,3.9,Asia
Airbus A320,176,Air France/KLM,43.0,63.0,106.0,"$4,214",9.2,Europe
Airbus A320,177,Air France/KLM,,4.0,4.0,$0,,Europe
Airbus A320,178,Air France/KLM,,7.0,7.0,$0,,Europe
Airbus A320,234,Air India,26.0,12.0,42.0,"$2,548",17.7,Asia
Airbus A320,250,Air Malta,6.0,,6.0,,,Europe
Airbus A320,267,Air New Zealand,30.0,,30.0,"$2,940",7.0,Oceania
Airbus A320,280,Air Transat,,2.0,2.0,$0,,NorthAmerica
Airbus A320,296,AirAsia,77.0,30.0,107.0,"$7,546",6.2,Asia
Airbus A320,297,AirAsia,8.0,,8.0,$784,6.6,Asia
Airbus A320,298,AirAsia,2.0,5.0,7.0,$196,1.1,Asia
Airbus A320,299,AirAsia,50.0,,52.0,"$4,900",5.0,Asia
Airbus A320,300,AirAsia,17.0,17.0,34.0,"$1,666",6.0,Asia
Airbus A320,301,AirAsia,5.0,,5.0,$490,7.6,Asia
Airbus A320,302,AirAsia,15.0,,,"$1,470",,Asia
Airbus A320,324,Alitalia,44.0,10.0,54.0,"$4,312",9.9,Europe
Airbus A320,340,All Nippon Airways,10.0,3.0,15.0,$980,2.0,Asia
Airbus A320,344,All Nippon Airways,10.0,23.0,36.0,$980,21.2,Asia
Airbus A320,354,Allegiant Air,16.0,,16.0,"$1,568",17.1,NorthAmerica
Airbus A320,360,American Airlines,51.0,17.0,68.0,"$4,998",15.5,NorthAmerica
Airbus A320,392,Asiana Airlines,7.0,4.0,11.0,$686,9.3,Asia
Airbus A320,393,Asiana Airlines,6.0,,6.0,$588,10.9,Asia
Airbus A320,417,Avianca,40.0,3.0,44.0,"$3,920",5.0,SouthAmerica
Airbus A320,418,Avianca,29.0,1.0,33.0,"$2,842",2.5,SouthAmerica
Airbus A320,419,Avianca,4.0,,4.0,$392,6.8,SouthAmerica
Airbus A320,420,Avianca,5.0,,1.0,$490,12.2,SouthAmerica
Airbus A320,421,Avianca,18.0,1.0,19.0,"$1,764",8.9,SouthAmerica
Airbus A320,448,Azul,4.0,,8.0,$392,0.1,SouthAmerica
Airbus A320,455,Cathay Pacific,15.0,,15.0,"$1,470",11.6,Asia
Airbus A320,465,Cebu Pacific Air,36.0,6.0,42.0,"$3,528",4.4,Asia
Airbus A320,472,China Airlines,9.0,,10.0,$882,2.3,Asia
Airbus A320,473,China Airlines,,2.0,2.0,$0,,Asia
Airbus A320,494,China Eastern Airlines,165.0,24.0,191.0,"$16,170",6.8,Asia
Airbus A320,526,China Southern Airlines,123.0,14.0,145.0,"$12,054",7.3,Asia
Airbus A320,548,Delta Airlines,69.0,,69.0,"$6,762",21.8,NorthAmerica
Airbus A320,572,easyJet,101.0,24.0,128.0,"$9,898",3.6,Europe
Airbus A320,573,easyJet,15.0,,15.0,"$1,470",5.0,Europe
Airbus A320,580,EgyptAir,6.0,7.0,13.0,$588,17.1,Africa
Airbus A320,581,EgyptAir,6.0,1.0,7.0,$588,9.1,Africa
Airbus A320,582,EgyptAir,,,,$0,,Africa
Airbus A320,629,Etihad Airways,23.0,4.0,27.0,"$2,254",6.6,MiddleEast
Airbus A320,639,EVA Air,,1.0,1.0,$0,,Asia
Airbus A320,673,Finnair,10.0,2.0,12.0,$980,14.4,Europe
Airbus A320,705,Frontier Airlines,28.0,1.0,36.0,"$2,744",5.7,NorthAmerica
Airbus A320,710,Garuda Indonesia,41.0,,46.0,"$4,018",4.6,Asia
Airbus A320,740,Gulf Air,16.0,18.0,34.0,"$1,568",6.2,MiddleEast
Airbus A320,756,Hainan Airlines,7.0,,8.0,$686,4.0,Asia
Airbus A320,757,Hainan Airlines,34.0,,34.0,"$3,332",3.8,Asia
Airbus A320,790,IAG,67.0,11.0,78.0,"$6,566",10.5,Europe
Airbus A320,791,IAG,14.0,60.0,75.0,"$1,372",10.0,Europe
Airbus A320,792,IAG,18.0,12.0,30.0,"$1,764",13.0,Europe
Airbus A320,793,IAG,34.0,6.0,40.0,"$3,332",10.9,Europe
Airbus A320,794,IAG,93.0,40.0,134.0,"$9,114",7.2,Europe
Airbus A320,857,IndiGo,124.0,16.0,150.0,"$12,152",5.2,Asia
Airbus A320,859,Interjet,45.0,4.0,50.0,"$4,410",8.5,NorthAmerica
Airbus A320,890,Jet Airways,,1.0,1.0,$0,,Asia
Airbus A320,897,Jet2,,2.0,2.0,$0,,Europe
Airbus A320,902,JetBlue,130.0,12.0,142.0,"$12,740",11.3,NorthAmerica
Airbus A320,906,Juneyao Airlines,41.0,,41.0,"$4,018",5.2,Asia
Airbus A320,945,LATAM Airlines Chile,14.0,,14.0,"$1,372",14.6,SouthAmerica
Airbus A320,946,LATAM Airlines Chile,73.0,7.0,81.0,"$7,154",10.0,SouthAmerica
Airbus A320,947,LATAM Airlines Chile,56.0,3.0,59.0,"$5,488",4.8,SouthAmerica
Airbus A320,963,Lion Air,27.0,,28.0,"$2,646",1.1,Asia
Airbus A320,964,Lion Air,,,,$0,,Asia
Airbus A320,1000,Lufthansa,66.0,26.0,93.0,"$6,468",9.3,Europe
Airbus A320,1001,Lufthansa,18.0,,18.0,"$1,764",14.8,Europe
Airbus A320,1002,Lufthansa,9.0,,9.0,$882,13.1,Europe
Airbus A320,1003,Lufthansa,21.0,4.0,29.0,"$2,058",1.3,Europe
Airbus A320,1004,Lufthansa,3.0,,3.0,$294,0.7,Europe
Airbus A320,1005,Lufthansa,16.0,10.0,26.0,"$1,568",25.4,Europe
Airbus A320,1006,Lufthansa,22.0,4.0,26.0,"$2,156",16.6,Europe
Airbus A320,1007,Lufthansa,6.0,,6.0,$588,15.7,Europe
Airbus A320,1008,Lufthansa,9.0,,9.0,$882,13.1,Europe
Airbus A320,1106,Meridiana,,7.0,7.0,,,Europe
Airbus A320,1121,Monarch Airlines,9.0,12.0,21.0,$882,12.3,Europe
Airbus A320,1129,Norwegian Air,1.0,,,$98,,Europe
Airbus A320,1141,Oman Air,,5.0,5.0,$0,,MiddleEast
Airbus A320,1151,Pakistan International Airlines,11.0,1.0,14.0,"$1,078",10.9,Asia
Airbus A320,1162,Pegasus Airlines,17.0,5.0,27.0,"$1,666",2.1,Europe
Airbus A320,1167,Philippine Airlines,10.0,15.0,25.0,$980,6.9,Asia
Airbus A320,1168,Philippine Airlines,9.0,9.0,18.0,$882,6.4,Asia
Airbus A320,1183,Qantas Airways,53.0,13.0,66.0,"$5,194",7.2,Oceania
Airbus A320,1218,Qatar Airways,35.0,6.0,46.0,"$3,430",7.4,MiddleEast
Airbus A320,1219,Qatar Airways,4.0,,4.0,$392,1.4,MiddleEast
Airbus A320,1241,Royal Air Maroc,1.0,,1.0,$98,14.8,Africa
Airbus A320,1254,Royal Jordanian,6.0,8.0,14.0,$588,5.8,MiddleEast
Airbus A320,1255,Royal Jordanian,1.0,,1.0,$98,21.0,MiddleEast
Airbus A320,1270,S7 Airlines,19.0,,19.0,"$1,862",6.1,Europe
Airbus A320,1278,SAS Group,16.0,,20.0,"$1,568",8.9,Europe
Airbus A320,1307,Saudi Arabian Airlines,35.0,9.0,49.0,"$3,430",6.4,MiddleEast
Airbus A320,1327,Singapore Airlines,11.0,8.0,19.0,"$1,078",6.7,Asia
Airbus A320,1354,South African Airways,12.0,7.0,19.0,"$1,176",3.0,Africa
Airbus A320,1364,SpiceJet,,1.0,1.0,$0,,Asia
Airbus A320,1368,Spirit Airlines,49.0,,50.0,"$4,802",3.1,NorthAmerica
Airbus A320,1372,Spring Airlines,65.0,8.0,77.0,"$6,370",3.7,Asia
Airbus A320,1373,SunExpress,,3.0,3.0,$0,,Europe
Airbus A320,1380,TAP Portugal,19.0,6.0,25.0,"$1,862",12.8,Europe
Airbus A320,1392,Thai Airways,20.0,,20.0,"$1,960",3.0,Asia
Airbus A320,1393,Thai Airways,,5.0,5.0,$0,,Asia
Airbus A320,1414,Thomas Cook Airlines,9.0,5.0,14.0,$882,17.8,Europe
Airbus A320,1424,Thomas Cook Airlines,5.0,15.0,20.0,$490,14.7,Europe
Airbus A320,1425,Thomas Cook Airlines,,30.0,30.0,$0,,Europe
Airbus A320,1426,Thomas Cook Airlines,,2.0,2.0,$0,,Europe
Airbus A320,1434,Tianjin Airlines,23.0,,27.0,"$2,254",3.7,Asia
Airbus A320,1435,Tianjin Airlines,3.0,,3.0,$294,2.5,Asia
Airbus A320,1450,TUI Group,,5.0,5.0,$0,,Europe
Airbus A320,1471,Tunisair,17.0,3.0,20.0,"$1,666",15.7,Africa
Airbus A320,1484,Turkish Airlines,29.0,17.0,46.0,"$2,842",9.7,Europe
Airbus A320,1485,Turkish Airlines,,10.0,10.0,$0,,Europe
Airbus A320,1500,United Airlines,97.0,1.0,98.0,"$9,506",18.6,NorthAmerica
Airbus A320,1534,Vietnam Airlines,1.0,,2.0,$98,0.1,Asia
Airbus A320,1535,Vietnam Airlines,13.0,4.0,18.0,"$1,274",7.0,Asia
Airbus A320,1536,Vietnam Airlines,,19.0,19.0,$0,,Asia
Airbus A320,1552,Virgin America,53.0,,53.0,"$5,194",6.3,NorthAmerica
Airbus A320,1554,Virgin Atlantic Airways,,6.0,6.0,$0,,Europe
Airbus A320,1561,Virgin Australia,2.0,,2.0,$196,18.8,Oceania
Airbus A320,1562,Virgin Australia,14.0,,14.0,"$1,372",7.2,Oceania
Airbus A320,1575,Volaris,44.0,1.0,48.0,"$4,312",3.3,NorthAmerica
Airbus A320,1581,Wizz Air,63.0,9.0,72.0,"$6,174",5.1,Europe
Airbus A321,4,Aegean Airlines,8.0,,8.0,$919,10.3,Europe
Airbus A321,16,Aeroflot,31.0,8.0,39.0,"$3,562",3.6,Europe
Airbus A321,79,Air Astana,4.0,,4.0,$460,10.6,Asia
Airbus A321,88,Air Berlin,21.0,2.0,23.0,"$2,413",6.0,Europe
Airbus A321,103,Air Canada,15.0,3.0,18.0,"$1,724",13.7,NorthAmerica
Airbus A321,104,Air Canada,5.0,,5.0,$575,1.0,NorthAmerica
Airbus A321,129,Air China,55.0,,58.0,"$6,320",5.3,Asia
Airbus A321,130,Air China,10.0,5.0,15.0,"$1,149",6.1,Asia
Airbus A321,179,Air France/KLM,20.0,10.0,30.0,"$2,298",14.1,Europe
Airbus A321,235,Air India,20.0,,20.0,"$2,298",8.1,Asia
Airbus A321,268,Air New Zealand,,,,$0,,Oceania
Airbus A321,303,AirAsia,,,,$0,,Asia
Airbus A321,325,Alitalia,12.0,11.0,23.0,"$1,379",19.4,Europe
Airbus A321,345,All Nippon Airways,2.0,7.0,11.0,$230,0.1,Asia
Airbus A321,361,American Airlines,197.0,,209.0,"$22,635",4.9,NorthAmerica
Airbus A321,394,Asiana Airlines,23.0,17.0,40.0,"$2,643",5.7,Asia
Airbus A321,395,Asiana Airlines,3.0,,3.0,$345,3.8,Asia
Airbus A321,396,Asiana Airlines,12.0,,12.0,"$1,379",13.5,Asia
Airbus A321,422,Avianca,9.0,,9.0,"$1,034",2.1,SouthAmerica
Airbus A321,423,Avianca,6.0,3.0,9.0,$689,9.3,SouthAmerica
Airbus A321,456,Cathay Pacific,8.0,,8.0,$919,14.2,Asia
Airbus A321,466,Cebu Pacific Air,,,,$0,,Asia
Airbus A321,495,China Eastern Airlines,64.0,,67.0,"$7,354",4.2,Asia
Airbus A321,496,China Eastern Airlines,,4.0,4.0,$0,,Asia
Airbus A321,527,China Southern Airlines,88.0,,93.0,"$10,111",6.5,Asia
Airbus A321,549,Delta Airlines,14.0,,20.0,"$1,609",0.4,NorthAmerica
Airbus A321,574,easyJet,,8.0,8.0,$0,,Europe
Airbus A321,583,EgyptAir,4.0,,4.0,$460,19.4,Africa
Airbus A321,584,EgyptAir,,2.0,2.0,$0,,Africa
Airbus A321,630,Etihad Airways,10.0,,10.0,"$1,149",1.8,MiddleEast
Airbus A321,640,EVA Air,22.0,2.0,24.0,"$2,528",2.0,Asia
Airbus A321,641,EVA Air,2.0,,2.0,$230,2.7,Asia
Airbus A321,674,Finnair,11.0,,12.0,"$1,264",10.0,Europe
Airbus A321,706,Frontier Airlines,13.0,,15.0,"$1,494",0.7,NorthAmerica
Airbus A321,741,Gulf Air,6.0,2.0,8.0,$689,4.4,MiddleEast
Airbus A321,758,Hainan Airlines,11.0,,11.0,"$1,264",0.8,Asia
Airbus A321,774,Hawaiian Airlines,,,,$0,,NorthAmerica
Airbus A321,795,IAG,18.0,,18.0,"$2,068",11.2,Europe
Airbus A321,796,IAG,14.0,5.0,19.0,"$1,609",13.3,Europe
Airbus A321,797,IAG,3.0,,3.0,$345,11.7,Europe
Airbus A321,798,IAG,3.0,3.0,6.0,$345,17.6,Europe
Airbus A321,799,IAG,10.0,,11.0,"$1,149",1.0,Europe
Airbus A321,858,IndiGo,,,,$0,,Asia
Airbus A321,860,Interjet,3.0,,3.0,$345,0.2,NorthAmerica
Airbus A321,898,Jet2,,1.0,1.0,$0,,Europe
Airbus A321,903,JetBlue,35.0,,39.0,"$4,022",1.6,NorthAmerica
Airbus A321,907,Juneyao Airlines,18.0,,20.0,"$2,068",1.4,Asia
Airbus A321,949,LATAM Airlines Chile,31.0,,31.0,"$3,562",3.4,SouthAmerica
Airbus A321,950,LATAM Airlines Chile,16.0,,16.0,"$1,838",1.0,SouthAmerica
Airbus A321,1009,Lufthansa,64.0,,64.0,"$7,354",12.0,Europe
Airbus A321,1010,Lufthansa,6.0,,6.0,$689,19.1,Europe
Airbus A321,1011,Lufthansa,9.0,4.0,13.0,"$1,034",14.5,Europe
Airbus A321,1122,Monarch Airlines,25.0,4.0,29.0,"$2,873",11.8,Europe
Airbus A321,1130,Norwegian Air,,,,$0,,Europe
Airbus A321,1152,Pakistan International Airlines,,2.0,2.0,$0,,Asia
Airbus A321,1163,Pegasus Airlines,,,,$0,,Europe
Airbus A321,1169,Philippine Airlines,24.0,,24.0,"$2,758",2.0,Asia
Airbus A321,1184,Qantas Airways,8.0,,8.0,$919,7.9,Oceania
Airbus A321,1220,Qatar Airways,8.0,4.0,15.0,$919,9.6,MiddleEast
Airbus A321,1242,Royal Air Maroc,,4.0,4.0,$0,,Africa
Airbus A321,1256,Royal Jordanian,2.0,6.0,8.0,$230,4.6,MiddleEast
Airbus A321,1271,S7 Airlines,6.0,,6.0,$689,8.8,Europe
Airbus A321,1279,SAS Group,8.0,,8.0,$919,14.7,Europe
Airbus A321,1308,Saudi Arabian Airlines,15.0,12.0,27.0,"$1,724",4.9,MiddleEast
Airbus A321,1369,Spirit Airlines,16.0,4.0,23.0,"$1,838",2.1,NorthAmerica
Airbus A321,1381,TAP Portugal,3.0,,3.0,$345,15.7,Europe
Airbus A321,1415,Thomas Cook Airlines,7.0,1.0,8.0,$804,4.0,Europe
Airbus A321,1427,Thomas Cook Airlines,21.0,2.0,23.0,"$2,413",6.9,Europe
Airbus A321,1428,Thomas Cook Airlines,8.0,4.0,12.0,$919,5.0,Europe
Airbus A321,1451,TUI Group,,2.0,2.0,$0,,Europe
Airbus A321,1486,Turkish Airlines,66.0,7.0,75.0,"$7,583",4.6,Europe
Airbus A321,1518,Utair,,12.0,12.0,$0,,Europe
Airbus A321,1537,Vietnam Airlines,56.0,5.0,61.0,"$6,434",5.8,Asia
Airbus A321,1538,Vietnam Airlines,2.0,4.0,6.0,$230,7.9,Asia
Airbus A321,1539,Vietnam Airlines,,2.0,2.0,$0,,Asia
Airbus A321,1553,Virgin America,,,,$0,,NorthAmerica
Airbus A321,1555,Virgin Atlantic Airways,,1.0,1.0,$0,,Europe
Airbus A321,1576,Volaris,9.0,,10.0,"$1,034",0.6,NorthAmerica
Airbus A321,1582,Wizz Air,11.0,,15.0,"$1,264",0.6,Europe
ATR 42/72,5,Aegean Airlines,2.0,,2.0,$44,2.4,Europe
ATR 42/72,6,Aegean Airlines,,6.0,6.0,$0,,Europe
ATR 42/72,65,Air Algerie,15.0,,15.0,$332,10.4,Africa
ATR 42/72,90,Air Berlin,,1.0,1.0,$0,,Europe
ATR 42/72,159,Air Europa,4.0,6.0,10.0,$88,21.9,Europe
ATR 42/72,186,Air France/KLM,21.0,8.0,29.0,$464,14.9,Europe
ATR 42/72,237,Air India,12.0,3.0,15.0,$265,8.4,Asia
ATR 42/72,251,Air Mauritius,3.0,6.0,9.0,,9.1,Africa
ATR 42/72,269,Air New Zealand,26.0,8.0,34.0,$575,7.8,Oceania
ATR 42/72,327,Alitalia,,14.0,14.0,$0,,Europe
ATR 42/72,364,American Airlines,,70.0,70.0,$0,,NorthAmerica
ATR 42/72,431,Avianca,9.0,,9.0,$199,2.8,SouthAmerica
ATR 42/72,432,Avianca,4.0,,4.0,$88,2.2,SouthAmerica
ATR 42/72,433,Avianca,2.0,5.0,7.0,$44,2.2,SouthAmerica
ATR 42/72,451,Azul,40.0,42.0,84.0,$884,3.5,SouthAmerica
ATR 42/72,468,Cebu Pacific Air,10.0,1.0,11.0,$221,6.4,Asia
ATR 42/72,530,China Southern Airlines,,5.0,5.0,$0,,Asia
ATR 42/72,588,EgyptAir,,2.0,2.0,$0,,Africa
ATR 42/72,617,Ethiopian Airlines,,3.0,3.0,$0,,Africa
ATR 42/72,643,EVA Air,2.0,,2.0,$44,0.3,Asia
ATR 42/72,644,EVA Air,13.0,,13.0,$287,3.0,Asia
ATR 42/72,659,FedEx Express,45.0,7.0,52.0,$995,25.2,NorthAmerica
ATR 42/72,678,Finnair,,15.0,15.0,$0,,Europe
ATR 42/72,690,Flybe,9.0,,9.0,$199,6.6,Europe
ATR 42/72,713,Garuda Indonesia,15.0,,15.0,$332,1.9,Asia
ATR 42/72,726,Grupo Aeromexico,2.0,,2.0,$44,3.5,NorthAmerica
ATR 42/72,776,Hawaiian Airlines,3.0,,,$66,,NorthAmerica
ATR 42/72,807,IAG,5.0,14.0,19.0,$111,4.5,Europe
ATR 42/72,808,IAG,11.0,12.0,23.0,$243,4.8,Europe
ATR 42/72,893,Jet Airways,13.0,8.0,21.0,$287,7.4,Asia
ATR 42/72,967,Lion Air,16.0,,16.0,$354,2.1,Asia
ATR 42/72,968,Lion Air,51.0,,54.0,"$1,127",3.6,Asia
ATR 42/72,969,Lion Air,,1.0,1.0,$0,,Asia
ATR 42/72,979,LOT Polish Airlines,,8.0,8.0,$0,,Europe
ATR 42/72,1026,Lufthansa,,7.0,7.0,$0,,Europe
ATR 42/72,1027,Lufthansa,,45.0,45.0,$0,,Europe
ATR 42/72,1028,Lufthansa,,29.0,29.0,$0,,Europe
ATR 42/72,1094,Malaysia Airlines,21.0,,21.0,$464,5.0,Asia
ATR 42/72,1095,Malaysia Airlines,13.0,1.0,14.0,$287,6.3,Asia
ATR 42/72,1143,Oman Air,,4.0,4.0,$0,,MiddleEast
ATR 42/72,1154,Pakistan International Airlines,10.0,2.0,12.0,$221,7.3,Asia
ATR 42/72,1244,Royal Air Maroc,,4.0,4.0,$0,,Africa
ATR 42/72,1266,Ryanair,,4.0,4.0,$0,,Europe
ATR 42/72,1284,SAS Group,13.0,7.0,20.0,$287,2.0,Europe
ATR 42/72,1384,TAP Portugal,8.0,,8.0,$177,1.2,Europe
ATR 42/72,1398,Thai Airways,2.0,2.0,4.0,$44,9.5,Asia
ATR 42/72,1399,Thai Airways,,4.0,4.0,$0,,Asia
ATR 42/72,1441,Trans States Airlines,,12.0,12.0,$0,,NorthAmerica
ATR 42/72,1473,Tunisair,3.0,1.0,4.0,$66,14.2,Africa
ATR 42/72,1489,Turkish Airlines,,2.0,2.0,$0,,Europe
ATR 42/72,1523,Utair,15.0,15.0,30.0,$332,5.3,Europe
ATR 42/72,1542,Vietnam Airlines,3.0,2.0,5.0,$66,7.0,Asia
ATR 42/72,1543,Vietnam Airlines,4.0,1.0,5.0,$88,11.0,Asia
ATR 42/72,1544,Vietnam Airlines,,24.0,24.0,$0,,Asia
ATR 42/72,1564,Virgin Australia,14.0,,14.0,$309,4.4,Oceania
ATR 42/72,1565,Virgin Australia,,14.0,14.0,$0,,Oceania
Boeing 737,7,Aegean Airlines,,17.0,17.0,$0,,Europe
Boeing 737,22,Aeroflot,20.0,16.0,37.0,"$1,480",1.6,Europe
Boeing 737,23,Aeroflot,12.0,,12.0,$888,2.1,Europe
Boeing 737,24,Aeroflot,17.0,5.0,23.0,"$1,258",9.6,Europe
Boeing 737,25,Aeroflot,,5.0,5.0,$0,,Europe
Boeing 737,52,Aerolineas Argentinas,40.0,77.0,118.0,"$2,959",6.6,SouthAmerica
Boeing 737,53,Aerolineas Argentinas,,8.0,8.0,$0,,SouthAmerica
Boeing 737,66,Air Algerie,31.0,38.0,70.0,"$2,293",8.6,Africa
Boeing 737,80,Air Astana,,4.0,4.0,$0,,Asia
Boeing 737,91,Air Berlin,14.0,141.0,155.0,"$1,036",9.5,Europe
Boeing 737,108,Air Canada,,44.0,44.0,$0,,NorthAmerica
Boeing 737,109,Air Canada,,2.0,2.0,$0,,NorthAmerica
Boeing 737,135,Air China,144.0,75.0,220.0,"$10,653",6.6,Asia
Boeing 737,136,Air China,87.0,22.0,109.0,"$6,436",6.5,Asia
Boeing 737,137,Air China,98.0,16.0,115.0,"$7,250",4.7,Asia
Boeing 737,138,Air China,3.0,,3.0,$222,9.1,Asia
Boeing 737,139,Air China,18.0,2.0,20.0,"$1,332",4.7,Asia
Boeing 737,140,Air China,9.0,,9.0,$666,4.5,Asia
Boeing 737,160,Air Europa,21.0,67.0,88.0,"$1,554",8.0,Europe
Boeing 737,188,Air France/KLM,,63.0,63.0,$0,,Europe
Boeing 737,189,Air France/KLM,48.0,44.0,92.0,"$3,551",10.3,Europe
Boeing 737,190,Air France/KLM,26.0,,26.0,"$1,923",5.5,Europe
Boeing 737,191,Air France/KLM,37.0,74.0,113.0,"$2,737",9.0,Europe
Boeing 737,192,Air France/KLM,,3.0,3.0,$0,,Europe
Boeing 737,238,Air India,23.0,8.0,31.0,"$1,702",6.7,Asia
Boeing 737,239,Air India,,5.0,5.0,$0,,Asia
Boeing 737,240,Air India,,1.0,1.0,$0,,Asia
Boeing 737,261,Air Namibia,,12.0,12.0,,,Africa
Boeing 737,270,Air New Zealand,,51.0,51.0,$0,,Oceania
Boeing 737,283,Air Transat,18.0,7.0,25.0,"$1,332",10.9,NorthAmerica
Boeing 737,309,AirAsia,,32.0,32.0,$0,,Asia
Boeing 737,310,AirAsia,,14.0,14.0,$0,,Asia
Boeing 737,311,AirAsia,,12.0,12.0,$0,,Asia
Boeing 737,314,Alaska Airlines,157.0,39.0,198.0,"$11,615",9.0,NorthAmerica
Boeing 737,328,Alitalia,,2.0,2.0,$0,,Europe
Boeing 737,341,All Nippon Airways,18.0,7.0,25.0,"$1,332",19.6,Asia
Boeing 737,347,All Nippon Airways,43.0,44.0,87.0,"$3,181",5.5,Asia
Boeing 737,366,American Airlines,282.0,46.0,332.0,"$20,862",7.7,NorthAmerica
Boeing 737,400,Asiana Airlines,,34.0,34.0,$0,,Asia
Boeing 737,401,Asiana Airlines,,7.0,7.0,$0,,Asia
Boeing 737,405,Atlas Air,,1.0,1.0,$0,,NorthAmerica
Boeing 737,435,Avianca,,2.0,2.0,$0,,SouthAmerica
Boeing 737,478,China Airlines,22.0,17.0,40.0,"$1,628",8.9,Asia
Boeing 737,479,China Airlines,1.0,5.0,6.0,$74,1.3,Asia
Boeing 737,501,China Eastern Airlines,125.0,47.0,173.0,"$9,248",4.9,Asia
Boeing 737,502,China Eastern Airlines,32.0,11.0,44.0,"$2,367",5.4,Asia
Boeing 737,503,China Eastern Airlines,75.0,21.0,96.0,"$5,549",5.0,Asia
Boeing 737,531,China Southern Airlines,169.0,65.0,234.0,"$12,503",6.8,Asia
Boeing 737,542,Copa Airlines,76.0,33.0,110.0,"$5,622",6.3,SouthAmerica
Boeing 737,543,Copa Airlines,1.0,,1.0,$74,17.2,SouthAmerica
Boeing 737,554,Delta Airlines,154.0,106.0,269.0,"$11,393",9.2,NorthAmerica
Boeing 737,575,easyJet,,84.0,84.0,$0,,Europe
Boeing 737,576,easyJet,,8.0,8.0,$0,,Europe
Boeing 737,589,EgyptAir,22.0,15.0,37.0,"$1,628",7.7,Africa
Boeing 737,596,El Al,23.0,6.0,29.0,"$1,702",9.1,MiddleEast
Boeing 737,597,El Al,2.0,,2.0,$148,17.4,MiddleEast
Boeing 737,598,El Al,4.0,,4.0,$296,12.9,MiddleEast
Boeing 737,613,Emirates,,1.0,1.0,$0,,MiddleEast
Boeing 737,618,Ethiopian Airlines,21.0,9.0,30.0,"$1,554",6.5,Africa
Boeing 737,662,FedEx Express,,5.0,5.0,$0,,NorthAmerica
Boeing 737,679,Finnair,,2.0,2.0,$0,,Europe
Boeing 737,691,Flybe,,4.0,4.0,$0,,Europe
Boeing 737,702,FlyDubai,56.0,3.0,60.0,"$4,143",3.8,MiddleEast
Boeing 737,707,Frontier Airlines,,42.0,42.0,$0,,NorthAmerica
Boeing 737,714,Garuda Indonesia,74.0,75.0,149.0,"$5,475",5.3,Asia
Boeing 737,715,Garuda Indonesia,4.0,14.0,18.0,$296,19.1,Asia
Boeing 737,725,Gol Linhas AÃ©reas,124.0,67.0,191.0,"$9,174",8.1,SouthAmerica
Boeing 737,727,Grupo Aeromexico,53.0,21.0,74.0,"$3,921",8.2,NorthAmerica
Boeing 737,744,Gulf Air,,14.0,14.0,$0,,MiddleEast
Boeing 737,762,Hainan Airlines,126.0,45.0,173.0,"$9,321",5.5,Asia
Boeing 737,763,Hainan Airlines,5.0,12.0,17.0,$370,12.1,Asia
Boeing 737,764,Hainan Airlines,26.0,6.0,34.0,"$1,923",5.3,Asia
Boeing 737,765,Hainan Airlines,9.0,,9.0,$666,5.6,Asia
Boeing 737,809,IAG,,123.0,123.0,$0,,Europe
Boeing 737,810,IAG,,10.0,10.0,$0,,Europe
Boeing 737,811,IAG,,38.0,38.0,$0,,Europe
Boeing 737,851,Iceland Air Group,,8.0,8.0,$0,,Europe
Boeing 737,865,Japan Airlines,50.0,7.0,57.0,"$3,699",6.9,Asia
Boeing 737,866,Japan Airlines,13.0,22.0,36.0,$962,16.6,Asia
Boeing 737,894,Jet Airways,70.0,53.0,123.0,"$5,179",7.4,Asia
Boeing 737,899,Jet2,50.0,17.0,71.0,"$3,699",18.8,Europe
Boeing 737,909,Kenya Airways,12.0,16.0,28.0,$888,8.1,Africa
Boeing 737,910,Kenya Airways,2.0,1.0,3.0,$148,19.7,Africa
Boeing 737,926,Korean Air,40.0,11.0,51.0,"$2,959",9.6,Asia
Boeing 737,927,Korean Air,18.0,,18.0,"$1,332",11.2,Asia
Boeing 737,970,Lion Air,108.0,19.0,131.0,"$7,990",5.3,Asia
Boeing 737,971,Lion Air,14.0,6.0,20.0,"$1,036",2.6,Asia
Boeing 737,972,Lion Air,25.0,1.0,27.0,"$1,850",2.0,Asia
Boeing 737,973,Lion Air,24.0,,24.0,"$1,776",1.6,Asia
Boeing 737,980,LOT Polish Airlines,3.0,23.0,26.0,$222,19.9,Europe
Boeing 737,1032,Lufthansa,,155.0,155.0,$0,,Europe
Boeing 737,1033,Lufthansa,,4.0,4.0,$0,,Europe
Boeing 737,1034,Lufthansa,,13.0,13.0,$0,,Europe
Boeing 737,1035,Lufthansa,,11.0,11.0,$0,,Europe
Boeing 737,1036,Lufthansa,2.0,1.0,3.0,$148,15.7,Europe
Boeing 737,1037,Lufthansa,,11.0,11.0,$0,,Europe
Boeing 737,1096,Malaysia Airlines,56.0,111.0,167.0,"$4,143",4.7,Asia
Boeing 737,1097,Malaysia Airlines,,8.0,8.0,$0,,Asia
Boeing 737,1108,Meridiana,7.0,6.0,13.0,,16.6,Europe
Boeing 737,1124,Monarch Airlines,,19.0,19.0,$0,,Europe
Boeing 737,1132,Norwegian Air,56.0,66.0,122.0,"$4,143",4.1,Europe
Boeing 737,1133,Norwegian Air,1.0,,1.0,$74,3.3,Europe
Boeing 737,1134,Norwegian Air,46.0,3.0,54.0,"$3,403",3.6,Europe
Boeing 737,1144,Oman Air,29.0,15.0,45.0,"$2,145",5.1,MiddleEast
Boeing 737,1155,Pakistan International Airlines,,7.0,7.0,$0,,Asia
Boeing 737,1164,Pegasus Airlines,58.0,40.0,98.0,"$4,291",6.4,Europe
Boeing 737,1173,Philippine Airlines,,18.0,18.0,$0,,Asia
Boeing 737,1190,Qantas Airways,,4.0,4.0,$0,,Oceania
Boeing 737,1191,Qantas Airways,71.0,43.0,115.0,"$5,253",10.2,Oceania
Boeing 737,1192,Qantas Airways,8.0,17.0,25.0,$592,6.3,Oceania
Boeing 737,1193,Qantas Airways,4.0,,,$296,,Oceania
Boeing 737,1226,Qatar Airways,,1.0,1.0,$0,,MiddleEast
Boeing 737,1246,Royal Air Maroc,37.0,27.0,64.0,"$2,737",10.9,Africa
Boeing 737,1267,Ryanair,366.0,100.0,476.0,"$27,077",6.6,Europe
Boeing 737,1272,S7 Airlines,19.0,14.0,33.0,"$1,406",7.4,Europe
Boeing 737,1285,SAS Group,81.0,41.0,122.0,"$5,992",13.9,Europe
Boeing 737,1311,Saudi Arabian Airlines,,26.0,26.0,$0,,MiddleEast
Boeing 737,1332,Singapore Airlines,,5.0,5.0,$0,,Asia
Boeing 737,1333,Singapore Airlines,,1.0,1.0,$0,,Asia
Boeing 737,1334,Singapore Airlines,17.0,6.0,23.0,"$1,258",1.8,Asia
Boeing 737,1343,Skymark Airlines,26.0,7.0,33.0,"$1,923",5.7,Asia
Boeing 737,1357,South African Airways,9.0,43.0,52.0,$666,17.3,Africa
Boeing 737,1358,South African Airways,10.0,3.0,13.0,$740,16.2,Africa
Boeing 737,1362,Southwest Airlines,718.0,195.0,952.0,"$53,118",11.7,NorthAmerica
Boeing 737,1365,SpiceJet,28.0,37.0,65.0,"$2,071",6.8,Asia
Boeing 737,1375,SunExpress,51.0,37.0,88.0,"$3,773",8.5,Europe
Boeing 737,1376,SunExpress,16.0,4.0,20.0,"$1,184",13.6,Europe
Boeing 737,1386,TAP Portugal,,25.0,25.0,$0,,Europe
Boeing 737,1400,Thai Airways,2.0,12.0,14.0,$148,24.0,Asia
Boeing 737,1401,Thai Airways,23.0,16.0,39.0,"$1,702",7.7,Asia
Boeing 737,1417,Thomas Cook Airlines,,17.0,17.0,$0,,Europe
Boeing 737,1452,TUI Group,33.0,13.0,46.0,"$2,441",5.8,Europe
Boeing 737,1453,TUI Group,5.0,5.0,10.0,$370,7.9,Europe
Boeing 737,1454,TUI Group,20.0,,20.0,"$1,480",7.3,Europe
Boeing 737,1455,TUI Group,30.0,53.0,83.0,"$2,219",8.2,Europe
Boeing 737,1456,TUI Group,6.0,2.0,8.0,$444,7.2,Europe
Boeing 737,1475,Tunisair,7.0,25.0,32.0,$518,16.9,Africa
Boeing 737,1490,Turkish Airlines,92.0,50.0,142.0,"$6,806",6.4,Europe
Boeing 737,1491,Turkish Airlines,34.0,36.0,70.0,"$2,515",13.0,Europe
Boeing 737,1503,United Airlines,321.0,295.0,620.0,"$23,748",10.1,NorthAmerica
Boeing 737,1524,Utair,47.0,8.0,55.0,"$3,477",18.1,Europe
Boeing 737,1545,Vietnam Airlines,,5.0,5.0,$0,,Asia
Boeing 737,1546,Vietnam Airlines,,5.0,5.0,$0,,Asia
Boeing 737,1566,Virgin Australia,75.0,26.0,101.0,"$5,549",6.7,Oceania
Boeing 737,1567,Virgin Australia,1.0,1.0,2.0,$74,5.1,Oceania
Boeing 737,1568,Virgin Australia,3.0,,4.0,$222,12.5,Oceania
Boeing 737,1577,WestJet,114.0,40.0,155.0,"$8,434",8.3,NorthAmerica
Airbus A330,17,Aeroflot,22.0,,22.0,"$5,280",5.9,Europe
Airbus A330,50,Aerolineas Argentinas,9.0,,10.0,"$2,160",9.3,SouthAmerica
Airbus A330,63,Air Algerie,8.0,4.0,12.0,"$1,920",8.1,Africa
Airbus A330,89,Air Berlin,15.0,3.0,20.0,"$3,600",13.1,Europe
Airbus A330,105,Air Canada,8.0,,8.0,"$1,920",16.3,NorthAmerica
Airbus A330,131,Air China,54.0,,55.0,"$12,960",5.8,Asia
Airbus A330,132,Air China,,,,$0,,Asia
Airbus A330,157,Air Europa,15.0,2.0,17.0,"$3,600",10.4,Europe
Airbus A330,180,Air France/KLM,15.0,1.0,16.0,"$3,600",14.1,Europe
Airbus A330,181,Air France/KLM,13.0,4.0,17.0,"$3,120",7.7,Europe
Airbus A330,236,Air India,,2.0,2.0,$0,,Asia
Airbus A330,253,Air Mauritius,2.0,,2.0,,8.3,Africa
Airbus A330,259,Air Namibia,2.0,,2.0,,3.4,Africa
Airbus A330,281,Air Transat,14.0,,14.0,"$3,360",15.8,NorthAmerica
Airbus A330,304,AirAsia,22.0,8.0,30.0,"$5,280",4.0,Asia
Airbus A330,305,AirAsia,6.0,,6.0,"$1,440",7.8,Asia
Airbus A330,306,AirAsia,2.0,,2.0,$480,11.4,Asia
Airbus A330,326,Alitalia,14.0,,14.0,"$3,360",7.6,Europe
Airbus A330,362,American Airlines,24.0,,24.0,"$5,760",9.3,NorthAmerica
Airbus A330,397,Asiana Airlines,15.0,,15.0,"$3,600",7.3,Asia
Airbus A330,424,Avianca,,2.0,4.0,$0,,SouthAmerica
Airbus A330,425,Avianca,8.0,4.0,12.0,"$1,920",5.6,SouthAmerica
Airbus A330,426,Avianca,2.0,,1.0,$480,5.0,SouthAmerica
Airbus A330,427,Avianca,1.0,,1.0,$240,,SouthAmerica
Airbus A330,428,Avianca,6.0,,6.0,"$1,440",3.3,SouthAmerica
Airbus A330,449,Azul,5.0,2.0,7.0,"$1,200",14.1,SouthAmerica
Airbus A330,457,Cathay Pacific,42.0,13.0,55.0,"$10,080",8.9,Asia
Airbus A330,458,Cathay Pacific,19.0,,19.0,"$4,560",16.9,Asia
Airbus A330,467,Cebu Pacific Air,6.0,,7.0,"$1,440",2.8,Asia
Airbus A330,474,China Airlines,24.0,2.0,26.0,"$5,760",9.0,Asia
Airbus A330,497,China Eastern Airlines,45.0,6.0,51.0,"$10,800",5.6,Asia
Airbus A330,498,China Eastern Airlines,6.0,,6.0,"$1,440",7.0,Asia
Airbus A330,528,China Southern Airlines,38.0,,39.0,"$9,120",5.8,Asia
Airbus A330,550,Delta Airlines,40.0,,42.0,"$9,600",9.4,NorthAmerica
Airbus A330,585,EgyptAir,11.0,,11.0,"$2,640",9.5,Africa
Airbus A330,586,EgyptAir,,,,$0,,Africa
Airbus A330,610,Emirates,,29.0,29.0,$0,,MiddleEast
Airbus A330,631,Etihad Airways,30.0,11.0,42.0,"$7,200",8.1,MiddleEast
Airbus A330,642,EVA Air,10.0,6.0,18.0,"$2,400",7.5,Asia
Airbus A330,675,Finnair,8.0,,8.0,"$1,920",7.2,Europe
Airbus A330,711,Garuda Indonesia,24.0,30.0,54.0,"$5,760",7.1,Asia
Airbus A330,742,Gulf Air,6.0,6.0,12.0,"$1,440",17.2,MiddleEast
Airbus A330,759,Hainan Airlines,22.0,6.0,28.0,"$5,280",4.2,Asia
Airbus A330,760,Hainan Airlines,4.0,,8.0,$960,7.5,Asia
Airbus A330,775,Hawaiian Airlines,23.0,,23.0,"$5,520",3.7,NorthAmerica
Airbus A330,800,IAG,17.0,,20.0,"$4,080",1.9,Europe
Airbus A330,801,IAG,10.0,5.0,15.0,"$2,400",9.2,Europe
Airbus A330,891,Jet Airways,11.0,5.0,16.0,"$2,640",7.0,Asia
Airbus A330,923,Korean Air,29.0,1.0,30.0,"$6,960",12.0,Asia
Airbus A330,965,Lion Air,3.0,,3.0,$720,1.1,Asia
Airbus A330,966,Lion Air,,,,$0,,Asia
Airbus A330,1012,Lufthansa,,4.0,4.0,$0,,Europe
Airbus A330,1013,Lufthansa,19.0,5.0,24.0,"$4,560",9.6,Europe
Airbus A330,1014,Lufthansa,9.0,,10.0,"$2,160",19.3,Europe
Airbus A330,1015,Lufthansa,6.0,,7.0,"$1,440",12.7,Europe
Airbus A330,1016,Lufthansa,14.0,15.0,29.0,"$3,360",6.2,Europe
Airbus A330,1017,Lufthansa,2.0,2.0,4.0,$480,3.4,Europe
Airbus A330,1018,Lufthansa,9.0,,10.0,"$2,160",19.3,Europe
Airbus A330,1091,Malaysia Airlines,18.0,19.0,37.0,"$4,320",4.6,Asia
Airbus A330,1107,Meridiana,,1.0,1.0,,,Europe
Airbus A330,1123,Monarch Airlines,,2.0,2.0,$0,,Europe
Airbus A330,1142,Oman Air,10.0,2.0,12.0,"$2,400",5.4,MiddleEast
Airbus A330,1153,Pakistan International Airlines,1.0,,1.0,$240,1.9,Asia
Airbus A330,1170,Philippine Airlines,15.0,8.0,23.0,"$3,600",2.8,Asia
Airbus A330,1185,Qantas Airways,28.0,2.0,30.0,"$6,720",10.0,Oceania
Airbus A330,1186,Qantas Airways,,11.0,11.0,$0,,Oceania
Airbus A330,1221,Qatar Airways,26.0,5.0,31.0,"$6,240",11.3,MiddleEast
Airbus A330,1222,Qatar Airways,8.0,,8.0,"$1,920",2.5,MiddleEast
Airbus A330,1257,Royal Jordanian,2.0,1.0,4.0,$480,7.8,MiddleEast
Airbus A330,1280,SAS Group,8.0,,8.0,"$1,920",7.5,Europe
Airbus A330,1281,SAS Group,1.0,,1.0,$240,18.3,Europe
Airbus A330,1309,Saudi Arabian Airlines,28.0,12.0,45.0,"$6,720",6.1,MiddleEast
Airbus A330,1328,Singapore Airlines,26.0,8.0,34.0,"$6,240",4.6,Asia
Airbus A330,1342,Skymark Airlines,,5.0,5.0,$0,,Asia
Airbus A330,1355,South African Airways,8.0,5.0,15.0,"$1,920",4.2,Africa
Airbus A330,1374,SunExpress,6.0,,,"$1,440",,Europe
Airbus A330,1382,TAP Portugal,16.0,,16.0,"$3,840",14.4,Europe
Airbus A330,1394,Thai Airways,17.0,10.0,27.0,"$4,080",7.5,Asia
Airbus A330,1429,Thomas Cook Airlines,7.0,4.0,12.0,"$1,680",12.5,Europe
Airbus A330,1430,Thomas Cook Airlines,4.0,,4.0,$960,16.6,Europe
Airbus A330,1436,Tianjin Airlines,1.0,,4.0,$240,8.8,Asia
Airbus A330,1472,Tunisair,2.0,,2.0,$480,1.7,Africa
Airbus A330,1487,Turkish Airlines,58.0,6.0,72.0,"$13,920",5.3,Europe
Airbus A330,1540,Vietnam Airlines,8.0,5.0,13.0,"$1,920",9.6,Asia
Airbus A330,1556,Virgin Atlantic Airways,10.0,,10.0,"$2,400",5.1,Europe
Airbus A330,1563,Virgin Australia,6.0,2.0,8.0,"$1,440",3.9,Oceania
Airbus A350,18,Aeroflot,,,,$0,,Europe
Airbus A350,183,Air France/KLM,,,,$0,,Europe
Airbus A350,308,AirAsia,,,,$0,,Asia
Airbus A350,398,Asiana Airlines,,,1.0,$0,,Asia
Airbus A350,429,Avianca,,,,$0,,SouthAmerica
Airbus A350,430,Avianca,,,,$0,,SouthAmerica
Airbus A350,500,China Eastern Airlines,,,,$0,,Asia
Airbus A350,803,IAG,,,,$0,,Europe
Airbus A350,804,IAG,,,,$0,,Europe
Airbus A350,863,Japan Airlines,,,,$0,,Asia
Airbus A350,1172,Philippine Airlines,,,,$0,,Asia
Airbus A350,1283,SAS Group,,,,$0,,Europe
Airbus A350,1501,United Airlines,,,35.0,$0,,NorthAmerica
Boeing 747,26,Aeroflot,7.0,,9.0,"$2,211",16.7,Europe
Boeing 747,54,Aerolineas Argentinas,,17.0,17.0,$0,,SouthAmerica
Boeing 747,67,Air Algerie,,14.0,14.0,$0,,Africa
Boeing 747,110,Air Canada,,15.0,15.0,$0,,NorthAmerica
Boeing 747,141,Air China,10.0,18.0,28.0,"$3,158",7.5,Asia
Boeing 747,142,Air China,3.0,12.0,15.0,$947,14.5,Asia
Boeing 747,193,Air France/KLM,,73.0,73.0,$0,,Europe
Boeing 747,194,Air France/KLM,20.0,26.0,46.0,"$6,316",21.7,Europe
Boeing 747,195,Air France/KLM,1.0,8.0,9.0,$316,26.6,Europe
Boeing 747,241,Air India,3.0,28.0,31.0,$947,21.0,Asia
Boeing 747,256,Air Mauritius,,5.0,5.0,,,Africa
Boeing 747,262,Air Namibia,,6.0,6.0,,,Africa
Boeing 747,271,Air New Zealand,,15.0,15.0,$0,,Oceania
Boeing 747,312,AirAsia,,3.0,3.0,$0,,Asia
Boeing 747,329,Alitalia,,21.0,21.0,$0,,Europe
Boeing 747,348,All Nippon Airways,,46.0,46.0,$0,,Asia
Boeing 747,367,American Airlines,,19.0,19.0,$0,,NorthAmerica
Boeing 747,402,Asiana Airlines,14.0,4.0,18.0,"$4,421",20.9,Asia
Boeing 747,406,Atlas Air,32.0,45.0,77.0,"$10,106",14.1,NorthAmerica
Boeing 747,436,Avianca,,7.0,7.0,$0,,SouthAmerica
Boeing 747,461,Cathay Pacific,21.0,63.0,84.0,"$6,632",5.9,Asia
Boeing 747,462,Cathay Pacific,3.0,8.0,11.0,$947,25.8,Asia
Boeing 747,480,China Airlines,25.0,35.0,60.0,"$7,895",13.6,Asia
Boeing 747,481,China Airlines,,5.0,5.0,$0,,Asia
Boeing 747,504,China Eastern Airlines,3.0,2.0,5.0,$947,13.2,Asia
Boeing 747,532,China Southern Airlines,2.0,,2.0,$632,14.4,Asia
Boeing 747,555,Delta Airlines,7.0,29.0,36.0,"$2,211",25.5,NorthAmerica
Boeing 747,590,EgyptAir,,10.0,10.0,$0,,Africa
Boeing 747,599,El Al,7.0,19.0,26.0,"$2,211",21.4,MiddleEast
Boeing 747,614,Emirates,2.0,4.0,6.0,$632,9.2,MiddleEast
Boeing 747,635,Etihad Airways,1.0,1.0,2.0,$316,17.7,MiddleEast
Boeing 747,645,EVA Air,9.0,10.0,19.0,"$2,842",19.0,Asia
Boeing 747,663,FedEx Express,,22.0,22.0,$0,,NorthAmerica
Boeing 747,716,Garuda Indonesia,2.0,61.0,63.0,$632,22.8,Asia
Boeing 747,745,Gulf Air,,2.0,2.0,$0,,MiddleEast
Boeing 747,812,IAG,,21.0,21.0,$0,,Europe
Boeing 747,813,IAG,37.0,64.0,101.0,"$11,685",20.4,Europe
Boeing 747,814,IAG,,4.0,4.0,$0,,Europe
Boeing 747,852,Iceland Air Group,,1.0,1.0,$0,,Europe
Boeing 747,867,Japan Airlines,,114.0,114.0,$0,,Asia
Boeing 747,928,Korean Air,34.0,50.0,88.0,"$10,737",10.8,Asia
Boeing 747,974,Lion Air,2.0,,2.0,$632,27.3,Asia
Boeing 747,1038,Lufthansa,,10.0,10.0,$0,,Europe
Boeing 747,1039,Lufthansa,32.0,48.0,80.0,"$10,106",9.1,Europe
Boeing 747,1098,Malaysia Airlines,2.0,42.0,44.0,$632,10.7,Asia
Boeing 747,1156,Pakistan International Airlines,,15.0,15.0,$0,,Asia
Boeing 747,1174,Philippine Airlines,,18.0,18.0,$0,,Asia
Boeing 747,1194,Qantas Airways,11.0,54.0,65.0,"$3,474",16.7,Oceania
Boeing 747,1195,Qantas Airways,3.0,,,$947,,Oceania
Boeing 747,1227,Qatar Airways,,3.0,3.0,$0,,MiddleEast
Boeing 747,1247,Royal Air Maroc,1.0,3.0,4.0,$316,23.9,Africa
Boeing 747,1259,Royal Jordanian,,2.0,2.0,$0,,MiddleEast
Boeing 747,1286,SAS Group,,10.0,10.0,$0,,Europe
Boeing 747,1312,Saudi Arabian Airlines,21.0,107.0,128.0,"$6,632",16.8,MiddleEast
Boeing 747,1335,Singapore Airlines,,80.0,80.0,$0,,Asia
Boeing 747,1336,Singapore Airlines,9.0,11.0,20.0,"$2,842",14.4,Asia
Boeing 747,1359,South African Airways,,28.0,28.0,$0,,Africa
Boeing 747,1387,TAP Portugal,,4.0,4.0,$0,,Europe
Boeing 747,1402,Thai Airways,10.0,16.0,26.0,"$3,158",17.8,Asia
Boeing 747,1418,Thomas Cook Airlines,,4.0,4.0,$0,,Europe
Boeing 747,1476,Tunisair,,1.0,1.0,$0,,Africa
Boeing 747,1504,United Airlines,21.0,67.0,88.0,"$6,632",21.2,NorthAmerica
Boeing 747,1513,UPS Airlines,13.0,27.0,40.0,"$4,105",15.0,NorthAmerica
Boeing 747,1558,Virgin Atlantic Airways,8.0,22.0,30.0,"$2,526",17.1,Europe
Boeing 767,27,Aeroflot,,13.0,13.0,$0,,Europe
Boeing 767,28,Aeroflot,,3.0,3.0,$0,,Europe
Boeing 767,68,Air Algerie,2.0,7.0,9.0,$374,26.3,Africa
Boeing 767,82,Air Astana,3.0,2.0,5.0,$561,3.0,Asia
Boeing 767,111,Air Canada,15.0,48.0,63.0,"$2,804",25.8,NorthAmerica
Boeing 767,112,Air Canada,19.0,,19.0,"$3,551",18.6,NorthAmerica
Boeing 767,146,Air China,,15.0,15.0,$0,,Asia
Boeing 767,162,Air Europa,,7.0,7.0,$0,,Europe
Boeing 767,198,Air France/KLM,,9.0,9.0,$0,,Europe
Boeing 767,199,Air France/KLM,,12.0,12.0,$0,,Europe
Boeing 767,200,Air France/KLM,,8.0,8.0,$0,,Europe
Boeing 767,243,Air India,,3.0,3.0,$0,,Asia
Boeing 767,257,Air Mauritius,,3.0,3.0,,,Africa
Boeing 767,263,Air Namibia,,1.0,1.0,,,Africa
Boeing 767,272,Air New Zealand,2.0,21.0,23.0,$374,22.8,Oceania
Boeing 767,286,Air Transport International,9.0,5.0,14.0,"$1,682",30.4,NorthAmerica
Boeing 767,288,Air Transport Services,28.0,27.0,55.0,"$5,233",30.5,NorthAmerica
Boeing 767,330,Alitalia,,14.0,14.0,$0,,Europe
Boeing 767,349,All Nippon Airways,49.0,50.0,99.0,"$9,158",15.7,Asia
Boeing 767,369,American Airlines,33.0,74.0,107.0,"$6,168",19.9,NorthAmerica
Boeing 767,403,Asiana Airlines,8.0,11.0,19.0,"$1,495",20.3,Asia
Boeing 767,408,Atlas Air,25.0,1.0,26.0,"$4,673",24.1,NorthAmerica
Boeing 767,438,Avianca,,10.0,10.0,$0,,SouthAmerica
Boeing 767,439,Avianca,2.0,,2.0,$374,29.5,SouthAmerica
Boeing 767,440,Avianca,,5.0,5.0,$0,,SouthAmerica
Boeing 767,482,China Airlines,,2.0,2.0,$0,,Asia
Boeing 767,507,China Eastern Airlines,,3.0,3.0,$0,,Asia
Boeing 767,508,China Eastern Airlines,6.0,1.0,7.0,"$1,121",15.7,Asia
Boeing 767,534,China Southern Airlines,,6.0,6.0,$0,,Asia
Boeing 767,557,Delta Airlines,85.0,39.0,124.0,"$15,887",19.8,NorthAmerica
Boeing 767,591,EgyptAir,,7.0,7.0,$0,,Africa
Boeing 767,602,El Al,7.0,6.0,13.0,"$1,308",21.1,MiddleEast
Boeing 767,620,Ethiopian Airlines,6.0,12.0,18.0,"$1,121",14.4,Africa
Boeing 767,636,Etihad Airways,,2.0,2.0,$0,,MiddleEast
Boeing 767,648,EVA Air,,9.0,9.0,$0,,Asia
Boeing 767,665,FedEx Express,42.0,,61.0,"$7,850",2.6,NorthAmerica
Boeing 767,717,Garuda Indonesia,,19.0,19.0,$0,,Asia
Boeing 767,729,Grupo Aeromexico,,16.0,16.0,$0,,NorthAmerica
Boeing 767,747,Gulf Air,,22.0,22.0,$0,,MiddleEast
Boeing 767,767,Hainan Airlines,3.0,2.0,5.0,$561,14.1,Asia
Boeing 767,778,Hawaiian Airlines,8.0,10.0,18.0,"$1,495",17.8,NorthAmerica
Boeing 767,819,IAG,,2.0,2.0,$0,,Europe
Boeing 767,820,IAG,7.0,24.0,31.0,"$1,308",21.9,Europe
Boeing 767,821,IAG,1.0,,1.0,$187,26.1,Europe
Boeing 767,822,IAG,,3.0,3.0,$0,,Europe
Boeing 767,854,Iceland Air Group,4.0,5.0,9.0,$748,18.0,Europe
Boeing 767,868,Japan Airlines,,2.0,2.0,$0,,Asia
Boeing 767,869,Japan Airlines,39.0,21.0,60.0,"$7,289",11.5,Asia
Boeing 767,912,Kenya Airways,,12.0,12.0,$0,,Africa
Boeing 767,952,LATAM Airlines Chile,3.0,,3.0,$561,10.3,SouthAmerica
Boeing 767,953,LATAM Airlines Chile,14.0,,14.0,"$2,617",6.2,SouthAmerica
Boeing 767,954,LATAM Airlines Chile,20.0,2.0,22.0,"$3,738",9.8,SouthAmerica
Boeing 767,955,LATAM Airlines Chile,3.0,,,$561,,SouthAmerica
Boeing 767,956,LATAM Airlines Chile,3.0,,3.0,$561,12.6,SouthAmerica
Boeing 767,957,LATAM Airlines Chile,3.0,,3.0,$561,12.3,SouthAmerica
Boeing 767,981,LOT Polish Airlines,,10.0,10.0,$0,,Europe
Boeing 767,1040,Lufthansa,,3.0,3.0,$0,,Europe
Boeing 767,1041,Lufthansa,6.0,,6.0,"$1,121",20.9,Europe
Boeing 767,1109,Meridiana,4.0,,4.0,,22.6,Europe
Boeing 767,1126,Monarch Airlines,,1.0,1.0,$0,,Europe
Boeing 767,1146,Oman Air,,1.0,1.0,$0,,MiddleEast
Boeing 767,1196,Qantas Airways,1.0,38.0,39.0,$187,10.9,Oceania
Boeing 767,1197,Qantas Airways,1.0,,,$187,,Oceania
Boeing 767,1229,Qatar Airways,,2.0,2.0,$0,,MiddleEast
Boeing 767,1249,Royal Air Maroc,4.0,2.0,6.0,$748,16.0,Africa
Boeing 767,1273,S7 Airlines,2.0,,2.0,$374,20.6,Europe
Boeing 767,1288,SAS Group,,18.0,18.0,$0,,Europe
Boeing 767,1314,Saudi Arabian Airlines,,12.0,12.0,$0,,MiddleEast
Boeing 767,1344,Skymark Airlines,,7.0,7.0,$0,,Asia
Boeing 767,1360,South African Airways,,3.0,3.0,$0,,Africa
Boeing 767,1420,Thomas Cook Airlines,16.0,5.0,21.0,"$2,990",21.3,Europe
Boeing 767,1433,Thomas Cook Airlines,3.0,,3.0,$561,21.8,Europe
Boeing 767,1459,TUI Group,3.0,10.0,13.0,$561,18.2,Europe
Boeing 767,1460,TUI Group,1.0,,1.0,$187,16.9,Europe
Boeing 767,1461,TUI Group,1.0,,1.0,$187,16.9,Europe
Boeing 767,1462,TUI Group,1.0,2.0,3.0,$187,18.6,Europe
Boeing 767,1463,TUI Group,1.0,1.0,2.0,$187,17.8,Europe
Boeing 767,1506,United Airlines,51.0,31.0,82.0,"$9,532",19.5,NorthAmerica
Boeing 767,1515,UPS Airlines,59.0,,59.0,"$11,027",12.8,NorthAmerica
Boeing 767,1526,Utair,3.0,6.0,9.0,$561,15.5,Europe
Boeing 767,1547,Vietnam Airlines,,17.0,17.0,$0,,Asia
Boeing 767,1559,Virgin Atlantic Airways,,1.0,1.0,$0,,Europe
Boeing 767,1579,WestJet,4.0,,4.0,$748,24.5,NorthAmerica
Boeing 777,29,Aeroflot,15.0,2.0,17.0,"$4,418",2.5,Europe
Boeing 777,30,Aeroflot,6.0,1.0,12.0,"$1,767",17.7,Europe
Boeing 777,69,Air Algerie,,2.0,2.0,$0,,Africa
Boeing 777,113,Air Canada,25.0,,25.0,"$7,364",7.1,NorthAmerica
Boeing 777,147,Air China,29.0,4.0,33.0,"$8,542",6.2,Asia
Boeing 777,148,Air China,8.0,,8.0,"$2,356",2.3,Asia
Boeing 777,201,Air France/KLM,70.0,1.0,71.0,"$20,619",11.2,Europe
Boeing 777,202,Air France/KLM,27.0,,29.0,"$7,953",8.7,Europe
Boeing 777,244,Air India,15.0,9.0,27.0,"$4,418",7.7,Asia
Boeing 777,273,Air New Zealand,15.0,,15.0,"$4,418",7.9,Oceania
Boeing 777,331,Alitalia,11.0,,11.0,"$3,240",13.6,Europe
Boeing 777,350,All Nippon Airways,55.0,2.0,57.0,"$16,200",12.0,Asia
Boeing 777,370,American Airlines,67.0,,67.0,"$19,735",12.1,NorthAmerica
Boeing 777,404,Asiana Airlines,11.0,2.0,13.0,"$3,240",10.1,Asia
Boeing 777,463,Cathay Pacific,70.0,,70.0,"$20,619",8.0,Asia
Boeing 777,483,China Airlines,10.0,,10.0,"$2,946",1.6,Asia
Boeing 777,509,China Eastern Airlines,16.0,,16.0,"$4,713",1.2,Asia
Boeing 777,510,China Eastern Airlines,6.0,,6.0,"$1,767",6.2,Asia
Boeing 777,535,China Southern Airlines,26.0,6.0,32.0,"$7,658",5.9,Asia
Boeing 777,558,Delta Airlines,18.0,1.0,19.0,"$5,302",11.9,NorthAmerica
Boeing 777,592,EgyptAir,9.0,2.0,11.0,"$2,651",9.7,Africa
Boeing 777,603,El Al,6.0,,6.0,"$1,767",13.5,MiddleEast
Boeing 777,615,Emirates,159.0,10.0,174.0,"$46,833",6.4,MiddleEast
Boeing 777,621,Ethiopian Airlines,16.0,,16.0,"$4,713",3.6,Africa
Boeing 777,637,Etihad Airways,30.0,5.0,35.0,"$8,837",6.2,MiddleEast
Boeing 777,649,EVA Air,29.0,,29.0,"$8,542",5.3,Asia
Boeing 777,666,FedEx Express,27.0,,43.0,"$7,953",5.3,NorthAmerica
Boeing 777,718,Garuda Indonesia,10.0,4.0,14.0,"$2,946",2.3,Asia
Boeing 777,730,Grupo Aeromexico,4.0,,4.0,"$1,178",12.9,NorthAmerica
Boeing 777,748,Gulf Air,,4.0,4.0,$0,,MiddleEast
Boeing 777,823,IAG,58.0,3.0,61.0,"$17,084",14.4,Europe
Boeing 777,870,Japan Airlines,40.0,6.0,46.0,"$11,782",13.4,Asia
Boeing 777,895,Jet Airways,9.0,1.0,10.0,"$2,651",9.3,Asia
Boeing 777,913,Kenya Airways,,7.0,7.0,$0,,Africa
Boeing 777,929,Korean Air,48.0,4.0,53.0,"$14,138",7.5,Asia
Boeing 777,930,Korean Air,4.0,,4.0,"$1,178",10.7,Asia
Boeing 777,958,LATAM Airlines Chile,10.0,,10.0,"$2,946",5.7,SouthAmerica
Boeing 777,959,LATAM Airlines Chile,2.0,,2.0,$589,7.6,SouthAmerica
Boeing 777,1042,Lufthansa,,,,$0,,Europe
Boeing 777,1043,Lufthansa,5.0,,5.0,"$1,473",2.7,Europe
Boeing 777,1044,Lufthansa,5.0,,5.0,"$1,473",16.2,Europe
Boeing 777,1045,Lufthansa,6.0,,7.0,"$1,767",0.7,Europe
Boeing 777,1099,Malaysia Airlines,,17.0,17.0,$0,,Asia
Boeing 777,1157,Pakistan International Airlines,11.0,,11.0,"$3,240",11.2,Asia
Boeing 777,1175,Philippine Airlines,8.0,,8.0,"$2,356",3.7,Asia
Boeing 777,1230,Qatar Airways,43.0,,43.0,"$12,666",5.2,MiddleEast
Boeing 777,1231,Qatar Airways,11.0,,11.0,"$3,240",3.2,MiddleEast
Boeing 777,1315,Saudi Arabian Airlines,54.0,,57.0,"$15,906",8.9,MiddleEast
Boeing 777,1338,Singapore Airlines,54.0,31.0,85.0,"$15,906",10.6,Asia
Boeing 777,1403,Thai Airways,32.0,9.0,41.0,"$9,426",10.1,Asia
Boeing 777,1492,Turkish Airlines,32.0,6.0,39.0,"$9,426",3.2,Europe
Boeing 777,1507,United Airlines,74.0,8.0,96.0,"$21,797",17.5,NorthAmerica
Boeing 777,1548,Vietnam Airlines,4.0,6.0,10.0,"$1,178",12.8,Asia
Boeing 777,1569,Virgin Australia,5.0,,5.0,"$1,473",7.4,Oceania
Boeing 787,31,Aeroflot,,,,$0,,Europe
Boeing 787,70,Air Algerie,,,,$0,,Africa
Boeing 787,83,Air Astana,,,,$0,,Asia
Boeing 787,511,China Eastern Airlines,,,,$0,,Asia
Boeing 787,604,El Al,,,16.0,$0,,MiddleEast
Boeing 787,650,EVA Air,,,,$0,,Asia
Boeing 787,749,Gulf Air,,,,$0,,MiddleEast
Boeing 787,855,Iceland Air Group,,,,$0,,Europe
Boeing 787,896,Jet Airways,,,,$0,,Asia
Boeing 787,960,LATAM Airlines Chile,3.0,,,$795,,SouthAmerica
Boeing 787,1158,Pakistan International Airlines,,,,$0,,Asia
Boeing 787,1198,Qantas Airways,,,,$0,,Oceania
Boeing 787,1339,Singapore Airlines,,,,$0,,Asia
Airbus A340,51,Aerolineas Argentinas,5.0,8.0,13.0,"$1,078",19.3,SouthAmerica
Airbus A340,64,Air Algerie,,3.0,3.0,$0,,Africa
Airbus A340,106,Air Canada,,15.0,15.0,$0,,NorthAmerica
Airbus A340,133,Air China,,6.0,6.0,$0,,Asia
Airbus A340,158,Air Europa,,1.0,1.0,$0,,Europe
Airbus A340,182,Air France/KLM,11.0,19.0,30.0,"$2,371",18.3,Europe
Airbus A340,254,Air Mauritius,6.0,3.0,9.0,,16.7,Africa
Airbus A340,260,Air Namibia,,2.0,2.0,,,Africa
Airbus A340,307,AirAsia,,2.0,2.0,$0,,Asia
Airbus A340,459,Cathay Pacific,4.0,21.0,25.0,$862,19.0,Asia
Airbus A340,475,China Airlines,4.0,3.0,7.0,$862,14.9,Asia
Airbus A340,476,China Airlines,,1.0,1.0,$0,,Asia
Airbus A340,499,China Eastern Airlines,,10.0,10.0,$0,,Asia
Airbus A340,587,EgyptAir,,4.0,4.0,$0,,Africa
Airbus A340,611,Emirates,,18.0,18.0,$0,,MiddleEast
Airbus A340,632,Etihad Airways,10.0,3.0,13.0,"$2,156",9.0,MiddleEast
Airbus A340,676,Finnair,2.0,5.0,7.0,$431,9.0,Europe
Airbus A340,712,Garuda Indonesia,,3.0,3.0,$0,,Asia
Airbus A340,743,Gulf Air,,10.0,10.0,$0,,MiddleEast
Airbus A340,761,Hainan Airlines,,3.0,3.0,$0,,Asia
Airbus A340,802,IAG,17.0,22.0,39.0,"$3,664",10.7,Europe
Airbus A340,892,Jet Airways,,3.0,3.0,$0,,Asia
Airbus A340,1019,Lufthansa,,4.0,4.0,$0,,Europe
Airbus A340,1020,Lufthansa,42.0,20.0,62.0,"$9,053",13.5,Europe
Airbus A340,1021,Lufthansa,10.0,5.0,15.0,"$2,156",14.5,Europe
Airbus A340,1022,Lufthansa,1.0,,3.0,$216,13.1,Europe
Airbus A340,1023,Lufthansa,5.0,,,"$1,078",,Europe
Airbus A340,1131,Norwegian Air,,2.0,2.0,$0,,Europe
Airbus A340,1171,Philippine Airlines,6.0,12.0,18.0,"$1,293",16.0,Asia
Airbus A340,1223,Qatar Airways,4.0,,4.0,$862,10.4,MiddleEast
Airbus A340,1258,Royal Jordanian,,4.0,4.0,$0,,MiddleEast
Airbus A340,1282,SAS Group,8.0,,8.0,"$1,724",15.7,Europe
Airbus A340,1310,Saudi Arabian Airlines,,4.0,4.0,$0,,MiddleEast
Airbus A340,1329,Singapore Airlines,,22.0,22.0,$0,,Asia
Airbus A340,1356,South African Airways,17.0,6.0,23.0,"$3,664",13.4,Africa
Airbus A340,1383,TAP Portugal,4.0,,4.0,$862,21.9,Europe
Airbus A340,1395,Thai Airways,,10.0,10.0,$0,,Asia
Airbus A340,1488,Turkish Airlines,4.0,5.0,9.0,$862,18.6,Europe
Airbus A340,1557,Virgin Atlantic Airways,8.0,21.0,29.0,"$1,724",10.5,Europe
Boeing 757,55,Aerolineas Argentinas,,1.0,1.0,$0,,SouthAmerica
Boeing 757,81,Air Astana,5.0,,5.0,$363,19.5,Asia
Boeing 757,92,Air Berlin,,4.0,4.0,$0,,Europe
Boeing 757,143,Air China,,13.0,13.0,$0,,Asia
Boeing 757,144,Air China,,1.0,1.0,$0,,Asia
Boeing 757,145,Air China,4.0,,4.0,$290,20.4,Asia
Boeing 757,161,Air Europa,,16.0,16.0,$0,,Europe
Boeing 757,196,Air France/KLM,,10.0,10.0,$0,,Europe
Boeing 757,197,Air France/KLM,,2.0,2.0,$0,,Europe
Boeing 757,242,Air India,,1.0,1.0,$0,,Asia
Boeing 757,284,Air Transat,,9.0,9.0,$0,,NorthAmerica
Boeing 757,285,Air Transport International,8.0,,8.0,$580,27.2,NorthAmerica
Boeing 757,355,Allegiant Air,4.0,2.0,6.0,$290,23.6,NorthAmerica
Boeing 757,368,American Airlines,51.0,126.0,177.0,"$3,698",17.9,NorthAmerica
Boeing 757,407,Atlas Air,,1.0,1.0,$0,,NorthAmerica
Boeing 757,437,Avianca,,21.0,21.0,$0,,SouthAmerica
Boeing 757,469,Cebu Pacific Air,,3.0,3.0,$0,,Asia
Boeing 757,505,China Eastern Airlines,,2.0,2.0,$0,,Asia
Boeing 757,506,China Eastern Airlines,,13.0,13.0,$0,,Asia
Boeing 757,533,China Southern Airlines,7.0,24.0,31.0,$508,17.8,Asia
Boeing 757,556,Delta Airlines,128.0,78.0,206.0,"$9,280",19.5,NorthAmerica
Boeing 757,577,easyJet,,4.0,4.0,$0,,Europe
Boeing 757,600,El Al,,10.0,10.0,$0,,MiddleEast
Boeing 757,601,El Al,,6.0,6.0,$0,,MiddleEast
Boeing 757,619,Ethiopian Airlines,3.0,9.0,12.0,$218,23.2,Africa
Boeing 757,646,EVA Air,,2.0,2.0,$0,,Asia
Boeing 757,647,EVA Air,,1.0,1.0,$0,,Asia
Boeing 757,664,FedEx Express,119.0,4.0,123.0,"$8,628",25.0,NorthAmerica
Boeing 757,680,Finnair,,7.0,7.0,$0,,Europe
Boeing 757,728,Grupo Aeromexico,,11.0,11.0,$0,,NorthAmerica
Boeing 757,746,Gulf Air,,1.0,1.0,$0,,MiddleEast
Boeing 757,815,IAG,,56.0,56.0,$0,,Europe
Boeing 757,816,IAG,,30.0,30.0,$0,,Europe
Boeing 757,817,IAG,3.0,1.0,4.0,$218,24.5,Europe
Boeing 757,818,IAG,4.0,,4.0,$290,20.1,Europe
Boeing 757,853,Iceland Air Group,28.0,13.0,41.0,"$2,030",21.5,Europe
Boeing 757,900,Jet2,11.0,5.0,16.0,$798,26.8,Europe
Boeing 757,911,Kenya Airways,,1.0,1.0,$0,,Africa
Boeing 757,1125,Monarch Airlines,,10.0,10.0,$0,,Europe
Boeing 757,1145,Oman Air,,1.0,1.0,$0,,MiddleEast
Boeing 757,1228,Qatar Airways,,1.0,1.0,$0,,MiddleEast
Boeing 757,1248,Royal Air Maroc,,2.0,2.0,$0,,Africa
Boeing 757,1287,SAS Group,,1.0,1.0,$0,,Europe
Boeing 757,1313,Saudi Arabian Airlines,,10.0,10.0,$0,,MiddleEast
Boeing 757,1337,Singapore Airlines,,4.0,4.0,$0,,Asia
Boeing 757,1377,SunExpress,,4.0,4.0,$0,,Europe
Boeing 757,1419,Thomas Cook Airlines,13.0,20.0,33.0,$943,17.5,Europe
Boeing 757,1431,Thomas Cook Airlines,2.0,21.0,26.0,$145,15.7,Europe
Boeing 757,1432,Thomas Cook Airlines,,1.0,1.0,$0,,Europe
Boeing 757,1457,TUI Group,14.0,17.0,31.0,"$1,015",16.4,Europe
Boeing 757,1458,TUI Group,,4.0,4.0,$0,,Europe
Boeing 757,1505,United Airlines,77.0,83.0,160.0,"$5,583",18.9,NorthAmerica
Boeing 757,1514,UPS Airlines,75.0,,75.0,"$5,438",23.3,NorthAmerica
Boeing 757,1525,Utair,,9.0,9.0,$0,,Europe
Boeing 757,1578,WestJet,,1.0,1.0,$0,,NorthAmerica
Boeing 787 Dreamliner,114,Air Canada,21.0,,24.0,"$5,567",1.4,NorthAmerica
Boeing 787 Dreamliner,149,Air China,7.0,,8.0,"$1,856",0.4,Asia
Boeing 787 Dreamliner,163,Air Europa,3.0,1.0,8.0,$795,0.5,Europe
Boeing 787 Dreamliner,203,Air France/KLM,1.0,,1.0,$265,0.1,Europe
Boeing 787 Dreamliner,204,Air France/KLM,8.0,,11.0,"$2,121",0.7,Europe
Boeing 787 Dreamliner,245,Air India,22.0,,27.0,"$5,832",3.1,Asia
Boeing 787 Dreamliner,274,Air New Zealand,9.0,,10.0,"$2,386",1.7,Oceania
Boeing 787 Dreamliner,351,All Nippon Airways,56.0,,59.0,"$14,846",2.6,Asia
Boeing 787 Dreamliner,371,American Airlines,20.0,,26.0,"$5,302",1.2,NorthAmerica
Boeing 787 Dreamliner,441,Avianca,9.0,,11.0,"$2,386",1.5,SouthAmerica
Boeing 787 Dreamliner,536,China Southern Airlines,10.0,,10.0,"$2,651",3.3,Asia
Boeing 787 Dreamliner,559,Delta Airlines,,,,$0,,NorthAmerica
Boeing 787 Dreamliner,622,Ethiopian Airlines,16.0,,19.0,"$4,242",2.5,Africa
Boeing 787 Dreamliner,638,Etihad Airways,10.0,,12.0,"$2,651",1.1,MiddleEast
Boeing 787 Dreamliner,731,Grupo Aeromexico,12.0,,14.0,"$3,181",1.9,NorthAmerica
Boeing 787 Dreamliner,768,Hainan Airlines,18.0,,21.0,"$4,772",1.8,Asia
Boeing 787 Dreamliner,824,IAG,23.0,,24.0,"$6,097",1.6,Europe
Boeing 787 Dreamliner,871,Japan Airlines,31.0,,37.0,"$8,218",2.6,Asia
Boeing 787 Dreamliner,914,Kenya Airways,7.0,2.0,9.0,"$1,856",2.4,Africa
Boeing 787 Dreamliner,931,Korean Air,,,3.0,$0,,Asia
Boeing 787 Dreamliner,961,LATAM Airlines Chile,22.0,,23.0,"$5,832",2.0,SouthAmerica
Boeing 787 Dreamliner,982,LOT Polish Airlines,6.0,,7.0,"$1,591",3.6,Europe
Boeing 787 Dreamliner,1135,Norwegian Air,12.0,,11.0,"$3,181",2.2,Europe
Boeing 787 Dreamliner,1136,Norwegian Air,1.0,,1.0,$265,0.5,Europe
Boeing 787 Dreamliner,1147,Oman Air,4.0,,5.0,"$1,060",1.4,MiddleEast
Boeing 787 Dreamliner,1199,Qantas Airways,11.0,,11.0,"$2,916",2.4,Oceania
Boeing 787 Dreamliner,1232,Qatar Airways,30.0,,30.0,"$7,953",2.4,MiddleEast
Boeing 787 Dreamliner,1250,Royal Air Maroc,5.0,,5.0,"$1,326",0.9,Africa
Boeing 787 Dreamliner,1260,Royal Jordanian,6.0,,7.0,"$1,591",1.9,MiddleEast
Boeing 787 Dreamliner,1316,Saudi Arabian Airlines,4.0,,8.0,"$1,060",0.9,MiddleEast
Boeing 787 Dreamliner,1404,Thai Airways,6.0,,6.0,"$1,591",2.0,Asia
Boeing 787 Dreamliner,1464,TUI Group,10.0,,11.0,"$2,651",2.5,Europe
Boeing 787 Dreamliner,1465,TUI Group,3.0,,3.0,$795,2.1,Europe
Boeing 787 Dreamliner,1466,TUI Group,1.0,,1.0,$265,3.1,Europe
Boeing 787 Dreamliner,1508,United Airlines,30.0,,32.0,"$7,953",2.2,NorthAmerica
Boeing 787 Dreamliner,1549,Vietnam Airlines,10.0,,11.0,"$2,651",0.9,Asia
Boeing 787 Dreamliner,1560,Virgin Atlantic Airways,13.0,,17.0,"$3,446",1.3,Europe
Airbus A350 XWB,134,Air China,,,1.0,$0,,Asia
Airbus A350 XWB,255,Air Mauritius,,,1.0,,,Africa
Airbus A350 XWB,363,American Airlines,,,1.0,$0,,NorthAmerica
Airbus A350 XWB,450,Azul,,,1.0,$0,,SouthAmerica
Airbus A350 XWB,460,Cathay Pacific,9.0,,15.0,"$2,808",0.3,Asia
Airbus A350 XWB,477,China Airlines,2.0,,6.0,$624,0.2,Asia
Airbus A350 XWB,551,Delta Airlines,,,1.0,$0,,NorthAmerica
Airbus A350 XWB,616,Ethiopian Airlines,2.0,,4.0,$624,0.4,Africa
Airbus A350 XWB,633,Etihad Airways,,,1.0,$0,,MiddleEast
Airbus A350 XWB,677,Finnair,7.0,,9.0,"$2,184",0.9,Europe
Airbus A350 XWB,805,IAG,,,1.0,$0,,Europe
Airbus A350 XWB,951,LATAM Airlines Chile,6.0,,8.0,"$1,872",0.5,SouthAmerica
Airbus A350 XWB,1024,Lufthansa,,,6.0,$0,,Europe
Airbus A350 XWB,1092,Malaysia Airlines,,,1.0,$0,,Asia
Airbus A350 XWB,1224,Qatar Airways,12.0,,24.0,"$3,744",1.2,MiddleEast
Airbus A350 XWB,1330,Singapore Airlines,8.0,,14.0,"$2,496",0.4,Asia
Airbus A350 XWB,1396,Thai Airways,2.0,,3.0,$624,0.3,Asia
Airbus A350 XWB,1541,Vietnam Airlines,5.0,,7.0,"$1,560",1.1,Asia
Airbus A350-900,184,Air France/KLM,,,,$0,,Europe
Airbus A380,185,Air France/KLM,10.0,,10.0,"$4,326",5.9,Europe
Airbus A380,346,All Nippon Airways,,,,$0,,Asia
Airbus A380,399,Asiana Airlines,5.0,,6.0,"$2,163",2.0,Asia
Airbus A380,529,China Southern Airlines,5.0,,5.0,"$2,163",5.1,Asia
Airbus A380,612,Emirates,87.0,,102.0,"$37,636",3.7,MiddleEast
Airbus A380,634,Etihad Airways,8.0,,9.0,"$3,461",1.7,MiddleEast
Airbus A380,806,IAG,12.0,,12.0,"$5,191",2.7,Europe
Airbus A380,924,Korean Air,10.0,,10.0,"$4,326",4.7,Asia
Airbus A380,1025,Lufthansa,14.0,,14.0,"$6,056",5.2,Europe
Airbus A380,1093,Malaysia Airlines,6.0,,6.0,"$2,596",4.6,Asia
Airbus A380,1187,Qantas Airways,12.0,,12.0,"$5,191",7.4,Oceania
Airbus A380,1225,Qatar Airways,6.0,,9.0,"$2,596",2.6,MiddleEast
Airbus A380,1331,Singapore Airlines,19.0,,21.0,"$8,219",7.5,Asia
Airbus A380,1397,Thai Airways,6.0,,6.0,"$2,596",4.2,Asia
Boeing 737-800,766,Hainan Airlines,3.0,,,$288,,Asia
Airbus A321neo,922,Korean Air,,,,$0,,Asia
